source,target,link
estream.to,M247,1
vidtodo.com,M247,1
estream.to,AS12876,1
openload.co,OVH,1
openload.co,M247,1
streamango.com,OVH,1
movpod.net,COGENT,1
movpod.in,COGENT,1
streamin.to,WESTHOST,1
vidto.me,COGENT,1
thevideobee.to,HISTATE,1
vidzi.tv,M247,1
vidto.me,M247,1
streamplay.to,OVH,1
veehd.com,LEASEWEB,1
vidto.me,AS12876,1
vidlox.tv,LEASEWEB,1
veoh.com,VEOH-AS,1
thevideo.me,M247,1
vidup.me,M247,1
daclips.in,COGENT,1
watchers.to,PLI-AS,1
daclips.com,COGENT,1
streamin.to,LEASEWEB,1
vidlox.tv,OVH,1
vidzi.tv,AS12876,1
gorillavid.com,COGENT,1
gorillavid.in,COGENT,1
speedvid.net,COGENT,1